<?xml version="1.0" encoding="utf-8"?>
<extension type="component" version="2.5" method="upgrade">
 
	<name>COM_BOOKMARKS_DIDDIPOELER</name>
	<!-- The following elements are optional and free of formatting conttraints -->
	<creationDate>August 2014</creationDate>
	<author>diddipoeler</author>
	<authorEmail>diddipoeler@gmx.de</authorEmail>
	<authorUrl>http://www.fussballineuropa.de</authorUrl>
	<copyright>Copyright Info</copyright>
	<license>License Info</license>
	<!--  The version string is recorded in the components table -->
	<version>1.0.00</version>
	<!-- The description is optional and defaults to the name -->
	<description>COM_BOOKMARKS_DIDDIPOELER_DESCRIPTION</description>
 
	<!-- Runs on install/uninstall/update; New in 1.6 -->
	<scriptfile>script.php</scriptfile>
 
	<install> <!-- Runs on install -->
		<sql>
			<file driver="mysql" charset="utf8">sql/install.mysql.utf8.sql</file>
		</sql>
	</install>
	<uninstall> <!-- Runs on uninstall -->
		<sql>
			<file driver="mysql" charset="utf8">sql/uninstall.mysql.utf8.sql</file>
		</sql>
	</uninstall>
	<update> <!-- Runs on update; New in 1.6 -->
		<schemas>
			<schemapath type="mysql">sql/updates/mysql</schemapath>
		</schemas>
	</update>
 
	<!-- Site Main File Copy Section -->
	<!-- Note the folder attribute: This attribute describes the folder
		to copy FROM in the package to install therefore files copied
		in this section are copied from /site/ in the package -->
	<files folder="site">
		<filename>index.html</filename>
		<filename>bookmarks_diddipoeler.php</filename>
		<filename>controller.php</filename>
		<folder>views</folder>
		<folder>helpers</folder>
		<folder>assets</folder>
		<folder>models</folder>
		<folder>settings</folder>
		<folder>controllers</folder>
		<folder>language</folder>
	</files>

<!--	
	<media destination="com_bookmarks_diddipoeler" folder="media/com_bookmarks_diddipoeler">
		<filename>index.html</filename>
	  <filename>ext_tem.png</filename>
	  <filename>ext_com.png</filename>
	  <filename>ext_esp.png</filename>
	  <filename>ext_lang.png</filename>
	  <filename>ext_mod.png</filename>
	  <filename>ext_plugin.png</filename>
	</media>
-->
	
	<languages folder="site">
		<language tag="de-DE">language/de-DE/de-DE.com_bookmarks_diddipoeler.ini</language>
		<language tag="en-GB">language/en-GB/en-GB.com_bookmarks_diddipoeler.ini</language>
	</languages>
	
  <media destination="com_bookmarks_diddipoeler" folder="media/com_bookmarks_diddipoeler">
		<filename>index.html</filename>
	  <filename>ext_tem.png</filename>
	  <filename>ext_com.png</filename>
	  <filename>ext_esp.png</filename>
	  <filename>ext_lang.png</filename>
	  <filename>ext_mod.png</filename>
	  <filename>ext_plugin.png</filename>
	</media>
	
	<administration>
		<!-- Administration Menu Section -->
		<menu img="../administrator/components/com_bookmarks_diddipoeler/assets/icons/transparent_schrift_16.png">COM_BOOKMARKS_DIDDIPOELER_MENU</menu>
		<!-- Administration Main File Copy Section -->
		<!-- Note the folder attribute: This attribute describes the folder
			to copy FROM in the package to install therefore files copied
			in this section are copied from /admin/ in the package -->
		<files folder="admin">
			<!-- Admin Main File Copy Section -->
			<filename>index.html</filename>
			<filename>config.xml</filename>
			<filename>access.xml</filename>
			<filename>bookmarks_diddipoeler.php</filename>
			<filename>controller.php</filename>
			<!-- assets files section -->
			<folder>assets</folder>
			<!-- elements files section -->
			<folder>elements</folder>
			<!-- SQL files section -->
			<folder>sql</folder>
			<!-- tables files section -->
			<folder>tables</folder>
			<!-- models files section -->
			<folder>models</folder>
			<!-- views files section -->
			<folder>views</folder>
			<!-- controllers files section -->
			<folder>controllers</folder>

		</files>
 
		<languages folder="admin">
			<language tag="de-DE">language/de-DE/de-DE.com_bookmarks_diddipoeler.ini</language>
			<language tag="de-DE">language/de-DE/de-DE.com_bookmarks_diddipoeler.sys.ini</language>
			<language tag="en-GB">language/en-GB/en-GB.com_bookmarks_diddipoeler.ini</language>
			<language tag="en-GB">language/en-GB/en-GB.com_bookmarks_diddipoeler.sys.ini</language>
			</languages>
		
	</administration>
 






     
</extension>
